date,distance,used_time,average_heart_rate,cadence,shoe,type,rq,EMTIR
2023-12-22,8.1,0,0,0,乔丹 强风SE 秋冬版,run,,
2023-12-21,10.1,0,0,0,乔丹 强风SE 秋冬版,run,,
2023-12-20,8.63,0,0,0,乔丹 强风SE 秋冬版,run,,
2023-12-18,6.09,0,0,0,乔丹 强风SE 秋冬版,run,,
2023-12-17,10.08,0,0,0,乔丹 强风SE 秋冬版,run,,
2023-12-15,8.93,0,0,0,乔丹 强风SE 秋冬版,run,,
2023-12-13,3.02,0,0,0,乔丹 强风SE 秋冬版,run,,
2023-11-01,81.33,0,0,0,乔丹 飞影PB 2.0,run,,
2023-12-05,9.54,0,0,0,乔丹 飞影PB 2.0,run,,
2023-12-14,10.1,0,0,0,李宁 赤兔6 PRO,run,,
2023-12-11,7.16,0,0,0,李宁 赤兔6 PRO,run,,
2023-11-01,30.52,0,0,0,李宁 赤兔6 PRO,run,,
2023-10-01,41.19,0,0,0,李宁 赤兔6 PRO,run,,
2023-12-04,7.82,0,0,0,李宁 赤兔6 PRO,run,,
2023-12-02,8.08,0,0,0,李宁 飞电3 Challenger,run,,
2023-11-01,24.06,0,0,0,李宁 飞电3 Challenger,run,,
2023-09-01,5.54,0,0,0,李宁 飞电3 Challenger,run,,
2023-08-01,14.27,0,0,0,李宁 飞电3 Challenger,run,,
2023-07-01,4.68,0,0,0,李宁 飞电3 Challenger,run,,
2023-12-10,19.24,0,0,0,乔丹 强风SE,run,,
2023-12-09,4.72,0,0,0,乔丹 强风SE,run,,
2023-12-08,15.39,0,0,0,乔丹 强风SE,run,,
2023-12-03,16.39,0,0,0,乔丹 强风SE,run,,
2023-11-01,89.08,0,0,0,乔丹 强风SE,run,,
2023-10-01,92.01,0,0,0,乔丹 强风SE,run,,
2023-09-01,85.58,0,0,0,乔丹 强风SE,run,,
2023-08-01,121.34,0,0,0,乔丹 强风SE,run,,
2023-07-01,46.58,0,0,0,乔丹 强风SE,run,,
2023-06-01,56.78,0,0,0,乔丹 强风SE,run,,
2023-09-01,8.37,0,0,0,李宁 越影,run,,
2023-07-01,11.09,0,0,0,李宁 越影,run,,
2023-05-01,5.15,0,0,0,李宁 越影,run,,
2023-04-01,26.13,0,0,0,李宁 越影,run,,
2023-11-01,8.02,0,0,0,HOKA Speedgoat 5,run,,
2023-05-01,2.74,0,0,0,HOKA Speedgoat 5,run,,
2023-10-01,4.02,0,0,0,安踏 柏油路霸,run,,
2023-02-01,6.1,0,0,0,安踏 柏油路霸,run,,
2022-12-01,12.22,0,0,0,安踏 柏油路霸,run,,
2022-10-01,7.26,0,0,0,安踏 柏油路霸,run,,
2022-07-01,5.02,0,0,0,安踏 柏油路霸,run,,
2022-06-01,12.42,0,0,0,安踏 柏油路霸,run,,
2022-05-01,25.92,0,0,0,安踏 柏油路霸,run,,
2022-01-01,6.69,0,0,0,安踏 柏油路霸,run,,
2021-12-01,18.91,0,0,0,安踏 柏油路霸,run,,
2023-10-01,8.3,0,0,0,361度 Spire R,run,,
2023-06-01,14.38,0,0,0,361度 Spire R,run,,
2022-07-01,8.76,0,0,0,361度 Spire R,run,,
2022-06-01,7.56,0,0,0,361度 Spire R,run,,
2022-05-01,8.61,0,0,0,361度 Spire R,run,,
2022-04-01,52.79,0,0,0,361度 Spire R,run,,
2022-03-01,45.35,0,0,0,361度 Spire R,run,,
2022-02-01,32.61,0,0,0,361度 Spire R,run,,
2022-01-01,27.2,0,0,0,361度 Spire R,run,,
2021-11-01,16.16,0,0,0,361度 Spire R,run,,
2022-02-01,7.91,0,0,0,多威 MR3900 征途,run,,
2021-12-01,9.53,0,0,0,多威 MR3900 征途,run,,
2021-10-01,18.1,0,0,0,多威 MR3900 征途,run,,
2023-12-23,6.82,0,0,0,Saucony Kinvara 11,run,,
2023-12-06,10.01,0,0,0,Saucony Kinvara 11,run,,
2023-11-01,26.41,0,0,0,Saucony Kinvara 11,run,,
2023-10-01,27.02,0,0,0,Saucony Kinvara 11,run,,
2023-08-01,15.72,0,0,0,Saucony Kinvara 11,run,,
2023-07-01,61.96,0,0,0,Saucony Kinvara 11,run,,
2023-06-01,15.6,0,0,0,Saucony Kinvara 11,run,,
2023-05-01,21.8,0,0,0,Saucony Kinvara 11,run,,
2023-03-01,42.74,0,0,0,Saucony Kinvara 11,run,,
2023-02-01,10.53,0,0,0,Saucony Kinvara 11,run,,
2022-11-01,39.41,0,0,0,Saucony Kinvara 11,run,,
2022-10-01,35.33,0,0,0,Saucony Kinvara 11,run,,
2022-09-01,63.72,0,0,0,Saucony Kinvara 11,run,,
2022-08-01,28.05,0,0,0,Saucony Kinvara 11,run,,
2022-07-01,38.47,0,0,0,Saucony Kinvara 11,run,,
2022-06-01,43.51,0,0,0,Saucony Kinvara 11,run,,
2022-05-01,39,0,0,0,Saucony Kinvara 11,run,,
2022-04-01,7.65,0,0,0,Saucony Kinvara 11,run,,
2021-11-01,12.6,0,0,0,Saucony Kinvara 11,run,,
2021-10-01,21.61,0,0,0,Saucony Kinvara 11,run,,
2021-09-01,72.12,0,0,0,Saucony Kinvara 11,run,,
2023-10-01,2.55,0,0,0,Mizuno WAVE RIDER 24,run,,
2023-08-01,20.93,0,0,0,Mizuno WAVE RIDER 24,run,,
2023-07-01,12.57,0,0,0,Mizuno WAVE RIDER 24,run,,
2023-05-01,4.72,0,0,0,Mizuno WAVE RIDER 24,run,,
2023-04-01,3.2,0,0,0,Mizuno WAVE RIDER 24,run,,
2021-09-01,3.4,0,0,0,Mizuno WAVE RIDER 24,run,,
2021-07-01,13.98,0,0,0,Mizuno WAVE RIDER 24,run,,
2021-06-01,31.3,0,0,0,Mizuno WAVE RIDER 24,run,,
2021-02-01,4.18,0,0,0,ASICS GEL-NIMBUS 21,run,,
2020-12-01,9.01,0,0,0,ASICS GEL-NIMBUS 21,run,,
2023-10-01,12.29,0,0,0,Saucony Triumph 18,run,,
2023-09-01,30.01,0,0,0,Saucony Triumph 18,run,,
2023-08-01,12.91,0,0,0,Saucony Triumph 18,run,,
2023-07-01,8.86,0,0,0,Saucony Triumph 18,run,,
2023-06-01,19.83,0,0,0,Saucony Triumph 18,run,,
2023-05-01,25.51,0,0,0,Saucony Triumph 18,run,,
2023-04-01,27.68,0,0,0,Saucony Triumph 18,run,,
2023-03-01,3.78,0,0,0,Saucony Triumph 18,run,,
2022-06-01,1.88,0,0,0,Saucony Triumph 18,run,,
2022-01-01,1.21,0,0,0,Saucony Triumph 18,run,,
2021-11-01,7.7,0,0,0,Saucony Triumph 18,run,,
2021-10-01,25.14,0,0,0,Saucony Triumph 18,run,,
2021-08-01,70.13,0,0,0,Saucony Triumph 18,run,,
2021-07-01,59.06,0,0,0,Saucony Triumph 18,run,,
2021-06-01,12.82,0,0,0,Saucony Triumph 18,run,,
2021-05-01,36.33,0,0,0,Saucony Triumph 18,run,,
2021-04-01,43.21,0,0,0,Saucony Triumph 18,run,,
2021-03-01,38.24,0,0,0,Saucony Triumph 18,run,,
2021-02-01,50.01,0,0,0,Saucony Triumph 18,run,,
2021-01-01,50.48,0,0,0,Saucony Triumph 18,run,,
2020-12-01,94.96,0,0,0,Saucony Triumph 18,run,,
2020-11-01,44.22,0,0,0,Saucony Triumph 18,run,,
2023-03-01,0.67,0,0,0,ASICS GEL-CUMULUS 21,run,,
2023-02-01,7.19,0,0,0,ASICS GEL-CUMULUS 21,run,,
2023-01-01,0.66,0,0,0,ASICS GEL-CUMULUS 21,run,,
2022-12-01,1.29,0,0,0,ASICS GEL-CUMULUS 21,run,,
2022-09-01,1.26,0,0,0,ASICS GEL-CUMULUS 21,run,,
2022-08-01,5.91,0,0,0,ASICS GEL-CUMULUS 21,run,,
2022-07-01,2.25,0,0,0,ASICS GEL-CUMULUS 21,run,,
2022-06-01,8.31,0,0,0,ASICS GEL-CUMULUS 21,run,,
2022-05-01,22.25,0,0,0,ASICS GEL-CUMULUS 21,run,,
2022-04-01,9.88,0,0,0,ASICS GEL-CUMULUS 21,run,,
2022-03-01,7.57,0,0,0,ASICS GEL-CUMULUS 21,run,,
2022-01-01,14.85,0,0,0,ASICS GEL-CUMULUS 21,run,,
2021-10-01,2.11,0,0,0,ASICS GEL-CUMULUS 21,run,,
2020-12-01,10.01,0,0,0,ASICS GEL-CUMULUS 21,run,,
2020-11-01,63.33,0,0,0,ASICS GEL-CUMULUS 21,run,,
2020-10-01,92.06,0,0,0,ASICS GEL-CUMULUS 21,run,,
2020-09-01,40.78,0,0,0,ASICS GEL-CUMULUS 21,run,,
2020-08-01,61.63,0,0,0,ASICS GEL-CUMULUS 21,run,,
2020-07-01,6.56,0,0,0,ASICS GEL-CUMULUS 21,run,,
2020-07-01,5.68,0,0,0,迪卡侬 RUN ACTIVE,run,,
2023-12-26,8.38,0:52:08,143,165,乔丹 强风SE 秋冬版,playground,,
2023-12-27,5.27,0:44:20,112,169,Saucony Triumph 18,treadmill,,
2023-12-28,10.09,1:03:54,139,185,乔丹 强风SE 秋冬版,run,,
2023-12-29,7.1,1:00:48,113,159,Saucony Triumph 18,treadmill,,
2023-12-30,9.15,1:04:31,130,173,Saucony Triumph 18,treadmill,,
2023-12-24,21.15,1:47:45,157,188,乔丹 强风SE 秋冬版,run,,
2023-12-31,4.24,0:25:23,138,174,乔丹 强风SE 秋冬版,run,,
2023-12-31,0.52,0:03:30,121,169,乔丹 强风SE 秋冬版,run,,
2024-01-01,8.69,0:53:26,142,170,adidas adizero Boston 12,run,,
2024-01-02,6.92,0:45:16,134,156,乔丹 飞影PB 2.0,playground,,
2024-01-03,10.01,0:55:15,149,181,李宁 飞电3 Challenger,run,,
2024-01-05,3.7,0:29:51,129,146,HOKA Speedgoat 5,run,,
2024-01-05,0.49,0:03:35,119,162,HOKA Speedgoat 5,run,,
2024-01-06,0.95,0:07:18,119,156,adidas adizero Boston 12,run,,
2024-01-10,1.02,0:07:23,119,138,adidas adizero Boston 12,run,,
2024-01-12,8.02,0:46:37,148,177,adidas adizero Boston 12,run,,
2024-01-13,21.12,2:09:01,145,184,adidas adizero Boston 12,run,,
2024-01-13,0.34,0:02:15,121,185,adidas adizero Boston 12,run,,
2024-01-14,9.89,1:02:15,137,177,乔丹 强风SE 秋冬版,run,,
2024-01-15,7.86,0:46:53,146,179,adidas adizero Boston 12,run,,
2024-01-17,6.94,0:51:00,134,167,HOKA Speedgoat 5,run,,
2024-01-18,1.34,0:08:54,138,168,乔丹 飞影PB 2.0,playground,,
2024-01-18,0.58,0:03:31,134,178,乔丹 飞影PB 2.0,run,,
2024-01-19,12.01,1:09:36,147,183,乔丹 强风SE 秋冬版,run,,
2024-01-20,11.23,1:10:11,140,177,adidas adizero Boston 12,run,,
2024-01-21,0.11,0:01:11,115,135,Saucony Triumph 18,run,,
2024-01-21,18.76,1:50:24,149,184,乔丹 强风SE 秋冬版,run,,
2024-01-22,7.69,1:05:18,124,159,安踏 柏油路霸,run,,
2024-01-23,0.76,0:04:51,127,181,Saucony Kinvara 11,run,,
2024-01-23,0.51,0:04:36,116,145,Saucony Kinvara 11,run,,
2024-01-24,10.7,1:10:51,136,178,Saucony Kinvara 11,run,,
2024-01-25,10.04,0:55:04,152,176,特步 160X 5.0,playground,,
2024-01-26,8.38,1:06:07,128,172,Saucony Kinvara 11,run,,
2024-01-27,20.71,2:04:39,147,186,乔丹 强风SE 秋冬版,run,,
2024-01-29,6.46,0:38:08,145,183,乔丹 强风SE,run,,
2024-01-30,10.07,1:01:55,143,180,Saucony Kinvara 11,run,,
2024-01-31,10.01,0:56:36,151,175,李宁 赤兔6 PRO,playground,,
2024-02-01,9.85,0:58:06,145,183,adidas adizero Boston 12,run,,
2024-02-02,8.45,1:00:20,136,176,Saucony Kinvara 11,run,,
2024-02-03,18.85,1:52:02,142,181,特步 160X 5.0,run,,
2024-02-04,7.62,0:52:35,134,170,adidas adizero Boston 12,run,,
2024-02-05,9.87,0:58:10,142,177,乔丹 强风SE 秋冬版,run,,
2024-02-06,8.55,0:46:13,150,175,乔丹 飞影PB 2.0,playground,,
2024-02-08,11.89,1:23:03,131,165,Saucony Kinvara 11,run,,
2024-02-10,11.32,0:56:45,163,184,特步 160X 5.0,run,,
2024-02-10,0.28,0:02:23,127,180,特步 160X 5.0,run,,
2024-02-10,0.58,0:03:59,129,178,特步 160X 5.0,run,,
2024-02-11,15.04,1:38:37,139,173,Saucony Kinvara 11,run,,
2024-02-12,9.84,0:57:59,138,181,李宁 飞电3 Challenger,run,,
2024-02-13,13.25,1:21:23,146,168,李宁 飞电3 Challenger,run,,
2024-02-14,6.41,0:48:03,126,164,安踏 柏油路霸,run,,
2024-02-15,8.47,0:44:47,152,184,adidas adizero Boston 12,run,,
2024-02-16,6.62,0:43:25,143,156,李宁 飞电3 Challenger,playground,,
2024-02-17,6.01,0:41:29,137,171,安踏 柏油路霸,run,,
2024-02-18,7.02,0:50:17,126,168,adidas adizero Boston 12,run,,
2024-02-21,7.15,0:51:07,127,165,HOKA Speedgoat 5,run,,
2024-02-23,13.4,1:18:21,149,166,特步 160X 5.0,run,48.7,
2024-02-24,7.17,0:49:36,133,166,李宁 赤兔6 PRO,run,45.9,
2024-02-25,16.17,1:33:53,144,187,乔丹 飞影PB 2.0,run,44.7,
2024-02-26,1.02,0:06:34,136,160,乔丹 强风SE 秋冬版,run,43.8,
2024-02-27,10.62,1:05:24,146,171,李宁 飞电3 Challenger,run,48.4,
2024-02-28,6.02,0:37:12,138,174,乔丹 强风SE,run,47,
2024-02-29,7.89,0:45:37,145,182,adidas adizero Boston 12,run,45.1,
2024-03-01,9.91,1:03:40,142,162,李宁 飞电3 Challenger,playground,47.9,
2024-03-02,6.01,0:39:56,135,179,Saucony Triumph 18,run,45.5,
2024-03-03,14.02,1:12:52,150,186,乔丹 强风SE,run,48.5,
2024-03-04,6.01,0:39:56,136,175,乔丹 强风SE 秋冬版,run,45.7,
2024-03-05,10.99,1:11:36,133,175,李宁 赤兔6 PRO,run,45.4,
2024-03-06,11.69,1:17:19,136,161,李宁 飞电3 Challenger,playground,48.6,
2024-03-07,13.05,1:07:44,153,181,特步 160X 5.0,run,46.5,
2024-03-09,9,0:55:54,142,170,安踏 柏油路霸,run,45,
2024-03-10,17.07,1:37:40,143,180,adidas adizero Boston 12,run,46.6,
2024-03-11,6.04,0:36:06,134,184,Saucony Triumph 18,run,44.9,
2024-03-12,11.37,1:12:34,141,173,李宁 赤兔6 PRO,run,45.9,
2024-03-13,11.55,1:06:38,150,173,特步 160X 5.0,run,47.2,
2024-03-15,5.29,0:30:47,144,182,特步 160X 5.0,run,47.4,
2024-03-16,10.03,0:44:02,169,193,特步 160X 5.0,race,44.6,
2024-03-17,0.75,0:05:12,114,172,adidas adizero Boston 12,run,46.1,
2024-03-18,5.87,0:41:20,127,176,安踏 柏油路霸,run,46.9,
2024-03-19,7.4,1:06:38,140,177,Saucony Triumph 18,run,41.7,
2024-03-20,10.01,0:56:41,146,181,adidas adizero Boston 12,run,46,
2024-03-21,14.01,1:21:42,143,172,乔丹 强风SE,run,47.9,
2024-03-23,8.71,0:54:35,140,164,必迈 惊碳Fly,run,47.5,
2024-03-24,16.43,1:40:03,140,181,adidas adizero Boston 12,run,45.8,
2024-03-25,7.05,0:45:03,133,179,李宁 赤兔6 PRO,run,46.6,
2024-03-26,9.84,1:08:01,137,164,李宁 赤兔6 PRO,run,45,
2024-03-27,10.7,1:00:06,148,180,乔丹 强风SE,run,46.6,
2024-03-28,11.53,1:04:53,149,174,必迈 惊碳Fly,run,47.5,
2024-03-30,7.22,0:50:43,132,170,安踏 柏油路霸,run,43.8,
2024-03-31,15.52,1:17:08,156,186,必迈 惊碳Fly,run,48.6,
2024-04-02,12.02,1:02:41,151,187,必迈 惊碳Fly,run,46.9,
2024-04-02,0.24,0:01:28,111,185,必迈 惊碳Fly,run,46.9,
2024-04-04,16.26,1:30:02,143,184,adidas adizero Boston 12,run,46.1,
2024-04-05,2.29,0:24:59,110,109,安踏 柏油路霸,playground,51.2,
2024-04-06,6.95,0:46:17,129,186,李宁 飞电3 Challenger,run,45.5,
2024-04-07,19.39,1:44:27,148,187,特步 160X 5.0,run,46.5,
2024-04-08,11.84,1:10:44,141,168,乔丹 强风SE,run,48.8,
2024-04-09,6.04,0:43:58,134,175,李宁 赤兔6 PRO,run,43.5,
2024-04-10,7.34,0:37:24,147,185,乔丹 强风SE,run,50.5,
2024-04-11,0.24,0:01:50,123,146,必迈 惊碳Fly,run,46.6,
2024-04-11,10,0:46:27,165,189,必迈 惊碳Fly,run,46.5,
2024-04-11,0.29,0:03:31,128,113,必迈 惊碳Fly,run,46.4,
2024-04-12,4.91,0:31:38,129,177,李宁 赤兔6 PRO,run,46.8,
2024-04-14,21.26,1:41:05,162,192,特步 160X 5.0,race,47,
2024-04-16,7.18,0:51:26,116,173,adidas adizero Boston 12,run,47.5,
2024-04-17,4.55,0:32:21,117,170,李宁 赤兔6 PRO,run,47.3,
2024-04-18,7.55,0:41:01,137,179,必迈 惊碳Fly,run,51.3,
2024-04-19,10.77,1:00:54,144,179,李宁 赤兔6 PRO,run,47.1,
2024-04-20,9.64,1:00:05,132,172,安踏 柏油路霸,run,47.6,
2024-04-21,0.8,0:04:31,147,157,安踏 柏油路霸,playground,46.7,
2024-04-21,0.81,0:07:57,106,172,安踏 柏油路霸,playground,46.8,
2024-04-21,15.77,1:28:30,134,185,adidas adizero Boston 12,run,48.1,
2024-04-23,0.38,0:02:11,120,170,乔丹 强风SE,playground,46.8,
2024-04-23,0.44,0:02:48,130,156,乔丹 强风SE,playground,46.8,
2024-04-23,6.03,0:35:06,138,174,乔丹 强风SE,run,47.7,
2024-04-24,12.08,1:12:45,146,170,必迈 惊碳Fly,run,48.7,
2024-04-25,6,0:34:45,136,169,李宁 赤兔6 PRO,run,49,
2024-04-26,11.58,1:07:48,145,170,必迈 惊碳Fly,run,49.6,
2024-04-27,5.92,0:44:18,111,169,adidas adizero Boston 12,run,47.0,
2024-04-28,21.01,1:56:43,144,184,adidas adizero Boston 12,run,47.4,
2024-04-29,3.74,0:25:22,129,176,李宁 赤兔6 PRO,run,45.7,
2024-04-30,10.69,1:11:10,142,156,李宁 飞电3 Challenger,playground,47.8,R
2024-05-02,10.01,0:59:12,138,181,李宁 赤兔6 PRO,run,49.5,E
2024-05-03,12.3,1:06:04,147,177,必迈 惊碳Fly,run,51.8,T
2024-05-04,0.29,0:02:05,141,183,安踏 柏油路霸,run,47.4,E
2024-05-04,0.53,0:05:12,113,151,安踏 柏油路霸,run,47.4,E
2024-05-04,5.37,0:37:14,121,177,安踏 柏油路霸,run,48.2,E
2024-05-05,20.65,1:49:32,145,191,adidas adizero Boston 12,run,48.8,E
2024-05-06,3.41,0:21:38,120,169,特步 160X 5.0,run,49.9,E
2024-05-07,9.87,0:57:29,142,174,必迈 惊碳Fly,run,50.4,R
2024-05-08,10.46,0:58:00,137,180,必迈 惊碳Fly,run,51.2,E
2024-05-09,8.36,0:58:30,117,177,李宁 赤兔6 PRO,run,48.8,E
2024-05-11,9.46,0:52:16,148,181,特步 160X 5.0,playground,50,I
2024-05-12,9.41,0:48:03,143,188,李宁 赤兔6 PRO,run,49.2,E
2024-05-13,6.41,0:39:04,134,183,adidas adizero Boston 12,run,48.1,E
2024-05-14,12.42,1:16:12,140,172,必迈 惊碳Fly,run,50.6,R
2024-05-15,10.76,0:58:10,138,188,adidas adizero Boston 12,run,51.1,E
2024-05-16,16.41,1:23:21,151,192,特步 160X 5.0,run,48.1,M
2024-05-17,3.42,0:24:18,124,169,乔丹 强风SE,run,47.8,E
2024-05-18,13.18,1:13:13,147,176,特步 160X 5.0,run,49.5,T
2024-05-19,17.45,1:37:43,129,184,adidas adizero Boston 12,run,50.8,E
2024-05-21,10.61,0:58:20,149,173,必迈 惊碳Fly,run,50.1,I
2024-05-22,8.03,0:50:27,134,170,乔丹 强风SE,run,48.8,E
2024-05-23,9.67,0:56:15,142,172,adidas adizero Boston 12,run,49.1,E
2024-05-24,9.96,0:50:12,149,179,特步 160X 5.0,run,51.4,T
2024-05-25,9.76,1:00:05,129,174,必迈 远征者5.0,run,49.6,E
2024-05-26,18.14,1:32:09,150,187,鸿星尔克 芷境2,run,49.8,M
2024-05-27,5.09,0:30:18,127,170,乔丹 飞影Plaid 1.5,run,51.2,E
2024-05-28,11.28,1:05:15,143,166,鸿星尔克 芷境2,run,52.4,I
2024-05-29,10.09,1:09:03,123,178,必迈 远征者5.0,run,49,E
2024-05-29,5.48,0:50:14,118,148,Saucony Triumph 18,run,48.2,E
2024-05-30,10.18,0:55:22,139,190,鸿星尔克 芷境2,run,49.5,E
2024-05-31,8.59,0:52:41,134,179,必迈 远征者5.0,run,47.7,E
2024-06-01,12.8,1:11:29,147,180,鸿星尔克 芷境2,run,49,T
2024-06-02,16.31,1:23:42,145,189,必迈 惊碳Fly,run,50,M
2024-06-04,11.72,1:08:31,139,170,乔丹 飞影Plaid 1.5,run,52.2,I
2024-06-05,9.91,1:06:13,114,172,必迈 远征者5.0,run,50.7,E
2024-06-06,9.53,0:46:16,150,189,特步 160X 5.0,run,50.4,E
2024-06-07,12.21,1:03:13,142,176,乔丹 飞影Plaid 1.5,run,53.4,T
2024-06-08,5.72,0:39:39,118,170,必迈 远征者5.0,run,50.3,E
2024-06-09,16.59,1:31:02,136,180,adidas adizero Boston 12,run,50.6,E
2024-06-10,10.02,0:46:56,149,185,特步 160X 5.0,run,53.1,T
2024-06-11,9.3,1:00:05,123,176,必迈 远征者5.0,run,50.2,E
2024-06-12,9.26,0:54:22,139,166,鸿星尔克 芷境2,run,52.3,I
2024-06-14,12.74,1:08:50,148,172,必迈 惊碳Fly,run,51,T
2024-06-15,9.54,1:05:47,129,174,必迈 远征者5.0,run,47.7,E
2024-06-17,1.25,0:07:09,125,168,adidas adizero Boston 12,run,52.9,E
2024-06-18,13.64,1:18:40,141,170,鸿星尔克 芷境2,run,51,T
2024-06-19,10.04,0:59:09,138,174,adidas adizero Boston 12,run,50.1,E
2024-06-20,12.7,1:16:57,139,160,乔丹 飞影Plaid 1.5,run,52.4,I
2024-06-21,6.24,0:42:41,118,163,特步 160X 5.0,run,51.2,E
2024-06-21,10.02,0:42:51,166,190,乔丹 飞影Plaid 1.5,run,49.9,I
2024-06-23,17.77,1:32:39,140,186,adidas adizero Boston 12,run,50.7,E
2024-06-24,9.99,1:08:09,115,165,adidas adizero Boston 12,run,51.5,E
2024-06-25,10.37,0:55:04,142,180,必迈 惊碳Fly,run,50.8,T
2024-06-26,9.71,0:48:24,145,186,鸿星尔克 芷境2,run,53,E
2024-06-27,0.37,0:01:58,125,173,adidas adizero Boston 12,run,50.6,E
2024-06-27,0.55,0:03:21,109,176,adidas adizero Boston 12,run,50.6,E
2024-06-27,8.59,0:49:02,139,177,adidas adizero Boston 12,run,50.8,E
2024-06-29,15.75,1:09:14,167,191,乔丹 飞影Plaid 1.5,run,48.6,T
2024-06-30,18.03,1:42:22,133,183,adidas adizero Boston 12,run,49.8,E
2024-07-02,10.13,0:54:37,131,185,特步 160X 5.0,run,53.3,E
2024-07-03,10.05,0:53:32,142,183,鸿星尔克 芷境2,run,50.7,E
2024-07-04,16.26,1:17:28,153,189,adidas adizero Boston 12,run,50.9,M
2024-07-05,9.97,0:55:12,146,181,必迈 惊碳Fly,run,49,E
2024-07-07,10.01,0:59:51,134,178,adidas adizero Boston 12,run,48.7,E
2024-07-08,10.61,1:05:12,130,160,鸿星尔克 芷境2,run,54.8,R
2024-07-09,11.65,1:03:00,133,190,乔丹 强风SE 秋冬版,run,51.1,E
2024-07-10,10.6,0:59:48,140,173,特步 160X 5.0,run,54,T
2024-07-11,12.12,1:06:19,135,191,adidas adizero Boston 12,run,50.7,E
2024-07-11,6.39,0:50:26,102,172,adidas adizero Boston 12,run,52.1,E
2024-07-13,14.16,1:12:40,147,187,鸿星尔克 芷境2,run,51.1,E
2024-07-14,22.02,1:53:54,147,189,adidas adizero Boston 12,run,49,E
2024-07-16,10.98,1:03:30,135,179,adidas adizero Boston 12,run,49.9,E
2024-07-17,10.11,1:08:14,131,152,必迈 惊碳Fly,run,57.4,R
2024-07-18,12.43,1:10:00,131,186,必迈 惊碳Fly,run,51,E
2024-07-19,10.14,0:59:55,126,181,特步 160X 5.0,run,51.9,E
2024-07-20,11.76,1:05:59,133,169,必迈 惊碳Fly,run,52.3,T
2024-07-21,20.35,1:55:33,138,184,特步 160X 5.0,run,49.5,E
2024-07-22,9.48,1:03:39,117,169,乔丹 强风SE 秋冬版,run,51.9,E
2024-07-23,10.1,1:11:03,128,146,乔丹 飞影Plaid 1.5,run,54.4,R
2024-07-25,9.68,1:01:10,135,171,乔丹 强风SE 秋冬版,run,50.1,E
2024-07-26,10.87,1:00:17,139,170,鸿星尔克 芷境2,run,52.9,T
2024-07-28,6,0:24:22,169,192,乔丹 飞影Plaid 1.5,run,52.1,I
2024-07-29,12.01,1:15:04,127,167,adidas adizero Boston 12,run,52.1,E
2024-07-29,0.21,0:01:18,102,178,adidas adizero Boston 12,run,52.1,E
2024-07-31,12.17,1:19:42,138,155,特步 160X 5.0,run,52.2,R
2024-08-01,11.97,1:08:52,139,176,adidas adizero Boston 12,run,49.3,E
2024-08-02,12.79,1:18:43,133,169,必迈 惊碳Fly,run,49.7,E
2024-08-03,9.71,0:58:12,141,159,鸿星尔克 芷境2,run,53.4,T
2024-08-04,17.9,1:29:09,149,188,特步 160X 5.0,run,51,M
2024-08-05,13.11,1:07:58,143,187,adidas adizero Boston 12,run,51.3,E
2024-08-07,11.29,1:04:15,137,166,鸿星尔克 芷境2,run,54.9,I
2024-08-08,11.29,1:00:03,146,179,adidas adizero Boston 12,run,53,E
2024-08-09,13.79,1:12:11,147,181,必迈 惊碳Fly,run,52.5,T
2024-08-11,16.14,1:28:35,147,188,adidas adizero Boston 12,run,49.1,E
2024-08-11,10,0:58:38,140,187,必迈 远征者5.0,run,48.6,E
2024-08-12,13.84,1:13:47,138,189,乔丹 强风SE 秋冬版,run,51.1,E
2024-08-13,13.95,1:26:43,139,161,特步 160X 5.0,run,53.6,I
2024-08-14,10.84,1:21:22,115,167,必迈 远征者5.0,run,51.7,E
2024-08-15,14.34,1:22:30,138,166,必迈 惊碳Fly,run,53.4,T
2024-08-17,18.64,1:32:17,152,183,乔丹 飞影Plaid 1.5,run,50.4,M
2024-08-18,21.1,2:01:12,127,183,特步 160X 5.0,run,51.8,E
2024-08-19,12.57,1:12:04,130,181,adidas adizero Boston 12,run,51.7,E
2024-08-20,12.54,1:08:31,130,185,鸿星尔克 芷境2,run,53.5,E
2024-08-21,13.21,1:16:35,139,168,必迈 惊碳Fly,run,54.5,E
2024-08-22,12.52,1:17:25,127,182,乔丹 强风SE 秋冬版,run,50.2,E
2024-08-24,13.15,1:06:26,150,181,鸿星尔克 芷境2,run,51.9,T
2024-08-27,1.24,0:08:19,121,177,Saucony Triumph 18,run,50.2,E
2024-08-28,4.75,0:32:32,127,170,必迈 远征者5.0,run,49.6,E
2024-08-29,9.85,0:56:26,138,179,必迈 远征者5.0,run,49.2,E
2024-08-29,1.57,0:11:13,112,156,adidas adizero Boston 12,run,51.7,E
2024-08-29,6.75,0:53:13,113,170,adidas adizero Boston 12,run,51.7,E
2024-08-29,1.74,0:13:15,115,157,adidas adizero Boston 12,run,51.4,E
2024-08-30,12.13,1:01:47,143,187,adidas adizero Boston 12,run,51.4,E
2024-08-31,13.06,1:12:36,141,175,特步 160X 5.0,run,51.1,E
2024-09-01,18.38,1:36:14,142,183,必迈 惊碳Fly,run,51,E
2024-09-02,12.33,1:05:05,134,187,乔丹 强风SE 秋冬版,run,53,E
2024-09-03,12.8,1:13:16,140,168,特步 160X 5.0,run,52.1,I
2024-09-04,12.2,1:10:04,129,183,adidas adizero Boston 12,run,50.5,E
2024-09-05,10.93,0:58:10,144,175,鸿星尔克 芷境2,run,52.3,T
2024-09-07,14.1,1:15:41,142,190,必迈 远征者5.0,run,49.7,E
2024-09-08,21.85,1:48:22,147,185,特步 160X 5.0,run,51.6,E
2024-09-09,7.81,1:00:53,106,156,乔丹 强风SE 秋冬版,run,52.9,E
2024-09-10,9.95,1:06:07,126,164,adidas adizero Boston 12,run,51.4,E
2024-09-11,14.25,1:12:28,149,179,鸿星尔克 芷境2,run,52.7,T
2024-09-13,13.03,1:01:52,155,189,乔丹 飞影Plaid 1.5,run,51.2,M
2024-09-14,12.7,1:05:56,143,184,必迈 惊碳Fly,run,51.7,E
2024-09-15,11.01,0:46:18,165,192,乔丹 飞影Plaid 1.5,run,51.3,T
2024-09-15,0.49,0:02:32,115,179,乔丹 飞影Plaid 1.5,run,51.3,E
2024-09-16,11.52,1:04:10,133,181,必迈 远征者5.0,run,52.1,E
2024-09-17,6.2,0:30:41,148,175,特步 160X 5.0,run,55.5,T
2024-09-17,1.05,0:05:33,141,189,特步 160X 5.0,run,51.4,E
2024-09-17,1.95,0:14:03,123,175,特步 160X 5.0,playground,51.4,E
2024-09-18,5.46,0:32:29,124,176,必迈 惊碳Fly,run,53.4,E
2024-09-20,7.35,0:40:38,138,180,鸿星尔克 芷境2,run,51.5,E
2024-09-21,4.36,0:24:24,127,179,乔丹 飞影Plaid 1.5,run,54,E
2024-09-22,21.33,1:30:25,167,194,乔丹 飞影Plaid 1.5,run,50.5,T
2024-09-23,5.67,0:36:31,118,173,必迈 远征者5.0,run,52.7,E
2024-09-24,8.94,0:46:59,141,182,adidas adizero Boston 12,run,52.4,E
2024-09-25,10.24,1:00:42,140,177,乔丹 强风SE 秋冬版,run,50.3,E
2024-09-26,11.43,1:01:19,139,184,必迈 远征者5.0,run,51.3,E
2024-09-26,3.07,0:17:22,132,183,adidas adizero Boston 12,treadmill,50.2,E
2024-09-27,11.84,0:59:12,149,186,必迈 惊碳Fly,run,50.8,E
2024-09-28,10.22,0:45:08,165,183,Saucony Triumph 18,run,49,M
2024-09-30,12.16,1:07:44,133,180,乔丹 强风SE 秋冬版,run,52.6,E
2024-10-01,0.21,0:01:02,116,180,特步 160X 5.0,playground,52.6,E
2024-10-01,7.94,0:40:48,140,185,特步 160X 5.0,playground,52.6,E
2024-10-02,13.27,1:14:45,146,177,鸿星尔克 芷境2,playground,52.4,R
2024-10-02,2.09,0:16:30,110,177,Saucony Triumph 18,playground,51.7,E
2024-10-04,14.98,1:17:40,147,177,特步 160X 3.0 PRO,run,53.3,T
2024-10-05,5.48,0:35:07,118,175,必迈 远征者5.0,run,52.3,E
2024-10-06,22.13,2:00:00,136,187,adidas adizero Boston 12,run,50.3,E
2024-10-07,10.43,0:50:07,148,190,乔丹 强风SE 秋冬版,run,53,M
2024-10-09,12.28,1:17:17,143,157,特步 160X 3.0 PRO,run,53.6,R
2024-10-10,12.08,1:02:09,140,190,必迈 远征者5.0,run,52.2,E
2024-10-11,13.35,1:05:52,150,178,乔丹 飞影Plaid 1.5,run,54.4,T
2024-10-12,10.72,1:12:53,121,174,Saucony Triumph 18,run,50.2,E
2024-10-13,0.3,0:01:55,110,163,adidas adizero Boston 12,run,50.2,E
2024-10-14,17.11,1:35:33,140,184,adidas adizero Boston 12,run,49.4,E
2024-10-15,9.83,0:56:36,138,182,必迈 远征者5.0,run,49.3,E
2024-10-16,11.56,1:13:32,136,158,必迈 惊碳Fly,playground,55.4,R
2024-10-17,10.18,1:01:08,128,171,必迈 远征者5.0,run,52.6,E
2024-10-17,4.86,0:33:31,122,180,Saucony Triumph 18,run,50.7,E
2024-10-19,2.07,0:11:41,142,176,鸿星尔克 芷境2,run,51.5,E
2024-10-19,2.64,0:14:01,156,165,鸿星尔克 芷境2,run,54,I
2024-10-19,2.81,0:15:01,157,165,鸿星尔克 芷境2,run,55.1,I
2024-10-19,3,0:15:45,139,179,鸿星尔克 芷境2,run,51.2,I
2024-10-20,10.98,0:55:09,143,180,必迈 惊碳Fly,run,53.4,M
2024-10-21,9.92,0:55:22,132,179,特步 160X 5.0,run,53,E
2024-10-22,10.43,0:57:12,145,165,特步 160X 3.0 PRO,playground,55.2,I
2024-10-24,13.3,1:09:04,151,175,必迈 惊碳Fly,run,50.8,T
2024-10-25,10.23,0:59:36,137,181,必迈 远征者5.0,run,49.7,E
2024-10-27,21.91,1:51:29,151,184,adidas adizero Boston 12,run,49.3,M
2024-10-28,11.51,0:57:27,148,183,乔丹 强风2.0,run,51.5,M
2024-10-29,10.72,0:58:21,140,177,特步 160X 3.0 PRO,run,51.6,E
2024-10-29,0.48,0:03:11,114,170,New Balance FuelCell Rebel v3,run,51.6,E
2024-10-30,8.57,0:48:47,139,167,必迈 惊碳Fly,run,55,I
2024-10-31,9.69,0:54:49,144,182,New Balance FuelCell Rebel v3,run,49.1,E
2024-11-03,19.43,1:31:31,157,185,特步 160X 3.0 PRO,run,50.6,M
2024-11-04,11.84,1:09:53,136,182,必迈 远征者5.0,run,49.5,E
2024-11-05,11.39,1:00:06,149,173,鸿星尔克 芷境2,playground,53.6,I
2024-11-06,12.14,1:13:06,133,179,New Balance FuelCell Rebel v3,run,49,E
2024-11-08,12.03,1:01:43,149,179,乔丹 强风2.0,run,52.3,T
2024-11-09,1.43,0:09:38,126,173,Saucony Triumph 18,run,50.2,E
2024-11-10,23.9,2:04:41,144,186,adidas adizero Boston 12,run,49.8,E
2024-11-11,9.09,0:53:59,138,177,Saucony Triumph 18,run,49,E
2024-11-12,11.74,1:04:37,137,178,乔丹 强风2.0,run,51.7,E
2024-11-14,12.16,1:10:50,141,174,必迈 惊碳Fly,run,51.1,E
2024-11-15,12.96,1:03:21,154,181,特步 160X 5.0,run,51.9,T
2024-11-17,15.65,1:12:56,156,190,鸿星尔克 芷境2,run,51.4,M
2024-11-17,4.54,0:26:51,127,182,鸿星尔克 芷境2,run,50.1,E
2024-11-17,1,0:07:31,131,162,鸿星尔克 芷境2,run,49.1,E
2024-11-18,8.32,0:51:17,130,179,必迈 远征者5.0,run,49.6,E
2024-11-19,11.1,0:56:16,142,183,乔丹 强风2.0,run,53.6,E
2024-11-20,9.13,0:50:25,142,172,特步 160X 5.0,run,52.9,E
2024-11-22,3.54,0:19:51,130,172,乔丹 飞影Plaid 1.5,run,52.7,E
2024-11-23,10.32,0:43:12,169,194,乔丹 飞影Plaid 1.5,run,50.3,I
2024-11-24,13.16,1:17:09,132,181,adidas adizero Boston 12,run,48.9,E
2024-11-24,3.52,0:22:22,126,169,adidas adizero Boston 12,run,50.3,E
2024-11-26,10.01,0:55:23,142,183,必迈 远征者5.0,run,48.6,E
2024-11-27,15.43,1:20:34,149,185,必迈 惊碳Fly,run,49.8,E
2024-11-28,9.96,1:06:59,131,177,必迈 远征者5.0,run,47.7,E
2024-11-29,2.2,0:13:30,124,177,乔丹 强风2.0,run,52.7,E
2024-11-29,6.69,0:41:46,131,170,乔丹 强风2.0,run,51.2,E
2024-11-29,1.01,0:05:43,134,169,乔丹 强风2.0,run,50.9,E
2024-12-01,2.17,0:11:32,139,180,乔丹 强风2.0,run,51.5,E
2024-12-01,5.02,0:23:15,158,188,乔丹 强风2.0,run,50.4,M
2024-12-01,2.41,0:15:27,132,170,乔丹 强风2.0,run,49,E
2024-12-03,10.01,1:02:27,129,173,必迈 远征者5.0,run,50,E
2024-12-04,12.01,1:04:05,145,183,adidas adizero Boston 12,run,50.3,E
2024-12-05,21.55,1:46:09,153,184,特步 160X 3.0 PRO,run,50.3,M
2024-12-06,5.98,0:41:22,125,177,Saucony Triumph 18,run,49.3,E
2024-12-08,21.77,1:58:41,145,178,特步 160X 5.0,run,49.8,T
2024-12-09,12.04,1:08:48,130,179,必迈 惊碳Fly,run,51.3,E
2024-12-11,22.09,2:12:02,139,171,特步 160X 3.0 PRO,run,51.4,I
2024-12-12,8.81,0:59:07,123,180,New Balance FuelCell Rebel v3,run,50.4,E
2024-12-13,10.63,1:09:56,130,171,必迈 远征者5.0,run,49.3,E
2024-12-14,10.67,0:59:09,145,180,鸿星尔克 芷境2,run,49.4,M
2024-12-15,18.77,1:47:50,141,177,特步 160X 3.0 PRO,run,50.1,T
2024-12-16,10.25,0:58:30,134,179,必迈 远征者5.0,run,51.7,E
2024-12-18,11.58,1:04:37,137,181,adidas adizero Boston 12,run,50.4,E
2024-12-19,1.42,0:07:23,135,186,必迈 惊碳Fly,run,50.2,E
2024-12-19,7.5,0:48:42,130,166,必迈 惊碳Fly,run,50.8,E
2024-12-20,20.91,1:54:54,144,178,特步 160X 3.0 PRO,run,52.2,T
2024-12-21,8.65,0:48:42,128,175,必迈 远征者5.0,run,50.6,E
2024-12-27,1.01,0:06:55,130,148,Saucony Triumph 18,run,49.5,E
2024-12-28,6.86,0:48:32,122,159,必迈 远征者5.0,run,50.9,E
2024-12-29,13.85,1:17:10,141,179,adidas adizero Boston 12,run,49.3,E
2024-12-30,9.67,1:02:03,126,170,必迈 远征者5.0,run,50.5,E
2024-12-31,12.97,1:14:42,143,171,adidas adizero Boston 12,run,49.4,E
2025-01-01,13.4,1:39:29,110,175,adidas adizero Boston 12,run,51.1,E
2025-01-02,18.21,1:40:46,144,173,特步 160X 3.0 PRO,run,51.4,I
2025-01-04,12.33,1:05:44,155,180,鸿星尔克 芷境2,run,48.2,M
2025-01-05,21.79,1:56:46,148,182,特步 160X 5.0,run,49.7,T
2025-01-06,2.58,0:15:07,128,179,必迈 远征者5.0,run,51.6,E
2025-01-06,6.23,0:41:50,123,176,必迈 远征者5.0,run,50.5,E
2025-01-07,8.38,0:50:09,135,182,必迈 惊碳Fly,run,49.5,E
2025-01-08,2.55,0:14:32,133,181,必迈 远征者5.0,run,50.9,E
2025-01-08,6.17,0:37:47,129,187,必迈 远征者5.0,run,49.8,E
2025-01-10,18.48,1:36:57,147,183,特步 160X 5.0,run,50.2,T
2025-01-11,9.61,0:55:50,137,187,adidas adizero Boston 12,run,48.7,E
2025-01-12,21.66,1:47:43,152,190,adidas adizero Boston 12,run,49.2,M
2025-01-13,3.66,0:23:00,127,180,必迈 远征者5.0,run,49.7,E
2025-01-14,9.7,0:54:32,140,187,特步 160X 5.0,run,49.3,E
2025-01-16,22.08,1:57:53,148,180,特步 160X 3.0 PRO,run,49.6,T
2025-01-17,8.75,0:55:43,129,170,必迈 远征者5.0,run,49.7,E
2025-01-18,9.93,0:57:46,139,177,必迈 惊碳Fly,run,49.5,E
2025-01-19,2.19,0:12:22,135,175,特步 160X 5.0,run,51.6,E
2025-01-19,21.93,1:56:24,148,187,特步 160X 5.0,run,48.2,E
2025-01-21,2.11,0:12:59,136,178,必迈 远征者5.0,run,48.7,E
2025-01-22,20.13,1:57:19,146,175,特步 160X 3.0 PRO,run,48.7,I
2025-01-23,11.62,1:15:28,132,176,必迈 远征者5.0,run,47.9,E
2025-01-24,11.72,1:07:25,142,180,adidas adizero Boston 12,run,47.7,E
2025-01-25,8.74,0:47:10,151,187,鸿星尔克 芷境2,run,47.8,E
2025-01-26,24.15,2:07:43,149,186,特步 160X 3.0 PRO,run,48.8,T
2025-01-28,0.39,0:02:09,109,185,必迈 远征者5.0,run,51.6,E
2025-01-28,2.04,0:12:07,131,178,必迈 远征者5.0,run,51.6,E
2025-01-29,19.85,1:40:17,153,187,必迈 惊碳Fly,run,48.9,M
2025-01-30,5.07,0:27:21,150,187,adidas adizero Boston 12,treadmill,46.5,M
2025-01-30,5,0:27:34,152,181,adidas adizero Boston 12,treadmill,45.9,M
2025-01-31,3.49,0:19:56,149,186,必迈 惊碳Fly,treadmill,46.5,E
2025-02-01,5.01,0:28:26,148,181,adidas adizero Boston 12,treadmill,46.1,M
2025-02-01,5.01,0:27:37,151,181,adidas adizero Boston 12,treadmill,46.1,E
2025-02-02,8.65,0:45:34,149,180,特步 160X 3.0 PRO,run,48.5,M
2025-02-03,25.25,2:10:02,150,184,特步 160X 3.0 PRO,run,49.4,M
2025-02-05,10.33,1:01:10,140,181,必迈 远征者5.0,run,47.5,E
2025-02-06,22.99,2:05:01,151,179,特步 160X 3.0 PRO,run,48,T
2025-02-08,12,1:11:08,154,176,adidas adizero Boston 12,treadmill,45.4,M
2025-02-09,17.14,1:36:29,145,184,New Balance FuelCell Rebel v3,run,46.9,E
2025-02-11,9.82,0:55:59,147,183,必迈 远征者5.0,run,46.6,E
2025-02-12,9.64,0:54:33,143,182,adidas adizero Boston 12,run,49,E
2025-02-13,22.03,2:03:28,141,179,特步 160X 5.0,run,49.4,I
2025-02-14,6.32,0:36:47,131,183,必迈 远征者5.0,run,48.7,E
2025-02-15,11.56,1:04:43,140,184,特步 160X 5.0,run,47.7,E
2025-02-16,25.22,2:13:18,146,184,特步 160X 5.0,run,49.4,M
2025-02-18,10.14,1:00:23,137,185,必迈 远征者5.0,run,46.9,E
2025-02-19,19.65,1:32:28,154,185,特步 160X 3.0 PRO,run,52.4,M
2025-02-20,10.29,0:57:52,132,181,必迈 惊碳3.0 TURBO,run,51.9,E
2025-02-21,6.71,0:43:00,130,182,鸿星尔克 芷境2,run,47.8,E
2025-02-22,6.95,0:43:35,135,183,必迈 远征者5.0,run,46.4,E
2025-02-23,29.16,2:30:00,144,185,必迈 惊碳3.0 TURBO,run,51.5,M
2025-02-25,8.75,1:01:57,116,178,adidas adizero Boston 12,run,49.9,E
2025-02-26,15.52,1:28:42,132,179,必迈 惊碳3.0 TURBO,run,50.2,T
2025-02-27,11.62,1:06:17,137,185,必迈 远征者5.0,run,48.4,E
2025-02-28,16.47,1:19:56,156,179,特步 160X 3.0 PRO,run,50.8,T
2025-03-01,11.43,1:07:10,130,178,必迈 惊碳3.0 TURBO,run,50.8,E
2025-03-02,5.68,0:28:49,141,187,特步 160X 5.0,run,52.8,E
2025-03-04,10.17,1:10:26,117,175,adidas adizero Boston 12,run,50.3,E
2025-03-05,17.76,1:25:09,154,183,必迈 惊碳3.0 TURBO,run,50.6,M
2025-03-06,8.03,0:47:48,133,173,adidas adizero Boston 12,run,49.1,E
2025-03-07,2.01,0:12:38,127,175,Saucony Triumph 18,run,47.6,E
2025-03-08,10.19,1:01:36,128,174,必迈 远征者5.0,run,50.5,E
2025-03-09,27.81,2:17:49,155,183,特步 160X 5.0,run,49.1,M
2025-03-11,8.54,0:54:59,125,176,必迈 远征者5.0,run,49,E
2025-03-12,22.16,1:56:43,147,176,必迈 惊碳3.0 TURBO,run,50.2,T
2025-03-13,9.73,1:01:42,126,175,必迈 远征者5.0,run,49,E
2025-03-14,10.13,0:59:38,124,174,adidas adizero Boston 12,run,50.2,E
2025-03-15,24.55,2:00:44,154,183,特步 160X 3.0 PRO,run,49.6,M
2025-03-16,9.7,1:01:31,128,170,必迈 远征者5.0,run,50.1,E
2025-03-18,10.02,1:00:04,136,175,adidas adizero Boston 12,run,48.5,E
2025-03-19,20.86,1:56:19,143,172,特步 160X 3.0 PRO,run,50.8,I
2025-03-20,10.03,0:59:14,139,174,必迈 远征者5.0,run,48.8,E
2025-03-21,11.5,1:02:33,146,171,特步 160X 5.0,run,51.3,E
2025-03-22,7.07,0:33:06,160,186,必迈 惊碳3.0 TURBO,run,48.8,T
2025-03-23,19.57,1:51:08,132,178,adidas adizero Boston 12,run,51.2,E
2025-03-25,7.38,0:41:49,132,174,必迈 远征者5.0,run,51.9,E
2025-03-26,8.84,0:54:01,132,174,New Balance FuelCell Rebel v3,run,50.1,E
2025-03-28,6.01,0:36:03,122,174,特步 160X 5.0,treadmill,50.4,E
2025-03-29,13.18,1:14:15,147,168,必迈 惊碳3.0 TURBO,run,51.2,I
2025-03-30,8.84,0:58:27,128,172,adidas adizero Boston 12,run,49.3,E
2025-03-31,11.1,1:07:20,137,176,New Balance FuelCell Rebel v3,run,48.5,E
2025-04-01,9.56,0:58:39,147,158,特步 160X 3.0 PRO,run,53.1,I
2025-04-01,1.36,0:09:43,121,158,特步 160X 3.0 PRO,run,49.9,E
2025-04-02,8.84,0:54:58,132,173,adidas adizero Boston 12,run,49.5,E
2025-04-05,9.02,0:45:30,150,185,必迈 惊碳3.0 TURBO,run,51.1,T
2025-04-06,5.88,0:34:45,132,177,乔丹 强风2.0,run,51.3,E
2025-04-07,10.92,0:59:19,143,181,乔丹 飞影Plaid 1.5,run,51.4,E
2025-04-09,9.73,0:56:13,136,175,必迈 惊碳3.0 TURBO,run,52.2,E
2025-04-10,1.24,0:06:37,135,177,乔丹 飞影Plaid 1.5,run,51,E
2025-04-10,8.28,0:43:37,154,175,乔丹 飞影Plaid 1.5,run,52.1,T
2025-04-11,7.06,0:39:54,139,175,必迈 惊碳3.0 TURBO,run,52.2,E
2025-04-12,7.47,0:39:22,148,181,必迈 远征者5.0,run,51.6,E
2025-04-13,11.23,1:01:16,143,179,New Balance FuelCell Rebel v3,run,51.9,E
2025-04-14,11.23,1:06:31,135,174,必迈 远征者5.0,run,50.5,E
2025-04-16,12.16,1:04:56,149,176,特步 160X 5.0,run,52.7,T
2025-04-17,7.39,0:45:57,127,173,必迈 远征者5.0,run,51,E
2025-04-18,8.84,0:55:49,132,169,乔丹 强风2.0,run,51.1,E
2025-04-19,15.75,1:23:03,148,179,特步 160X 5.0,run,53,E
2025-04-21,8.3,0:52:33,129,167,New Balance FuelCell Rebel v3,run,51.8,E
2025-04-22,9.12,0:48:38,143,169,乔丹 飞影Plaid 1.5,run,56.4,T
2025-04-23,7.14,0:46:23,129,169,必迈 远征者5.0,run,50.5,E
2025-04-25,5.57,0:31:51,140,172,乔丹 飞影Plaid 1.5,run,53.4,E
2025-04-26,21.29,1:32:22,170,189,乔丹 飞影Plaid 1.5,run,49.9,T
2025-04-30,7.13,0:45:56,134,171,必迈 远征者5.0,run,49.8,E
2025-05-01,9.63,0:52:20,151,175,乔丹 强风2.0,run,51,M
2025-05-02,8.36,0:47:11,147,185,New Balance FuelCell Rebel v3,run,49.5,E
2025-05-03,11.26,0:58:14,148,184,必迈 惊碳3.0 TURBO,run,50.9,E
2025-05-04,21.18,1:45:34,146,188,乔丹 飞影Plaid 1.5,run,51.5,E
2025-05-06,8.62,0:55:33,119,177,必迈 远征者5.0,run,52,E
2025-05-07,20.08,1:48:08,144,180,特步 160X 3.0 PRO,run,50.9,T
2025-05-10,11.05,1:10:08,132,174,特步 160X 5.0,run,49.4,E
2025-05-13,7,0:39:03,137,183,特步 160X 5.0,run,49.5,E
2025-05-14,8.87,0:54:17,129,173,特步 160X 3.0 PRO,run,51.4,E
2025-05-15,8.34,0:46:49,135,175,特步 160X 3.0 PRO,run,53,E
2025-05-15,8.43,0:49:08,156,163,特步 160X 3.0 PRO,run,52.3,I
2025-05-17,8.63,0:55:27,130,169,必迈 远征者5.0,run,51.2,E
2025-05-18,20.93,1:50:34,147,184,必迈 惊碳3.0 TURBO,run,50.8,T
2025-05-19,7.34,0:46:11,133,167,乔丹 强风2.0,run,51,E
2025-05-21,19.62,1:47:16,140,173,乔丹 飞影Plaid 1.5,run,53.4,T
2025-05-22,8.67,0:55:50,120,172,必迈 远征者5.0,run,51.8,E
2025-05-23,7.46,0:43:21,134,169,多威 神行者 2,run,53.8,E
2025-05-24,6.73,0:27:49,173,193,多威 神行者 2,run,49.8,T
2025-05-25,19.34,1:54:37,132,175,New Balance FuelCell Rebel v3,run,52,E
2025-05-27,11.08,1:00:18,147,176,乔丹 强风2.0,run,51.7,E
2025-05-28,18.61,1:40:01,152,177,多威 神行者 2,run,50.9,T
2025-05-29,11.49,0:58:03,149,188,特步 160X 5.0,run,51.3,M
2025-06-01,20.22,1:37:22,153,188,必迈 惊碳3.0 TURBO,run,52.5,M
2025-06-04,8.83,0:52:04,137,174,特步 160X 5.0,run,51,E
2025-06-06,11.07,1:03:20,150,178,特步 160X 5.0,run,48.7,M
2025-06-07,9.79,0:57:12,147,172,特步 160X 5.0,run,50,M
2025-06-08,2.22,0:12:15,133,175,特步 160X 3.0 PRO,run,52.5,E
2025-06-08,20.03,1:43:31,155,179,特步 160X 3.0 PRO,run,50.4,T
2025-06-10,11.1,1:05:25,134,175,乔丹 强风2.0,run,51.3,E
2025-06-11,8.79,0:53:16,137,179,New Balance FuelCell Rebel v3,run,48.7,E
2025-06-12,20.04,1:50:36,149,174,多威 神行者 2,run,51.2,I
2025-06-13,6.86,0:38:13,135,188,特步 160X 5.0,playground,48.6,E
2025-06-14,11.12,1:00:15,144,184,New Balance FuelCell Rebel v3,run,50.8,E
2025-06-15,2.79,0:16:46,124,175,乔丹 飞影Plaid 1.5,run,54,E
2025-06-15,17.6,1:39:17,140,178,乔丹 飞影Plaid 1.5,run,51.8,E
2025-06-17,8.18,0:47:19,142,173,乔丹 强风2.0,run,51.5,E
2025-06-19,21,1:52:32,151,174,乔丹 飞影Plaid 1.5,run,50.8,T
2025-06-20,11.11,1:03:30,138,176,必迈 惊碳3.0 TURBO,run,53.3,E
2025-06-21,10.55,1:08:06,129,177,乔丹 强风2.0,run,49.8,E
2025-06-22,23.72,1:56:52,151,183,乔丹 飞影Plaid 1.5,run,52.8,M
2025-06-24,10.97,1:07:34,132,176,乔丹 强风2.0,run,49.7,E
2025-06-26,15.15,1:30:27,146,166,特步 160X 3.0 PRO,run,53.5,I
2025-06-27,4.3,0:26:16,127,180,Saucony Triumph 18,run,49.5,E
2025-06-28,17.57,1:35:23,141,187,New Balance FuelCell Rebel v3,run,50.2,E
2025-06-29,17.13,1:33:11,144,179,乔丹 飞影Plaid 1.5,run,51.6,T
2025-06-30,0.45,0:03:08,106,181,特步 160X 5.0,run,51.4,E
2025-07-01,11.8,1:08:46,139,182,特步 160X 5.0,run,48.7,E
2025-07-02,10.98,1:05:56,135,180,特步 160X 5.0,run,49.2,E
2025-07-03,20.94,1:55:40,143,178,必迈 惊碳3.0 TURBO,run,51.4,E
2025-07-04,6.72,0:40:49,126,183,特步 160X 5.0,run,50.1,E
2025-07-05,11.67,1:25:59,116,171,New Balance FuelCell Rebel v3,run,50.5,E
2025-07-06,14.75,1:13:53,154,186,乔丹 飞影Plaid 1.5,run,50,M
2025-07-08,15.57,1:33:54,133,177,特步 160X 5.0,run,49.5,E
2025-07-09,17.2,1:39:19,143,172,多威 神行者 2,run,51.7,T
2025-07-10,11.2,1:08:46,130,175,特步 160X 5.0,run,50,E
2025-07-11,10.16,1:05:07,124,173,New Balance FuelCell Rebel v3,run,50,E
2025-07-13,15.4,1:17:03,152,188,多威 神行者 2,run,50.9,M
2025-07-13,1.54,0:10:50,124,164,多威 神行者 2,run,49.6,E
2025-07-14,12.58,1:13:20,134,179,必迈 惊碳3.0 TURBO,run,50.9,E
2025-07-16,18.45,1:41:21,145,171,特步 160X 3.0 PRO,run,54.3,I
2025-07-16,0.49,0:02:35,145,180,特步 160X 3.0 PRO,run,51.3,E
2025-07-17,11.8,1:17:17,118,176,特步 160X 5.0,run,51.3,E
2025-07-18,12.73,1:18:48,130,177,New Balance FuelCell Rebel v3,run,48.6,E
2025-07-19,18.67,1:47:53,131,179,特步 160X 5.0,run,51.2,E
2025-07-20,15.98,1:36:38,129,174,必迈 惊碳3.0 TURBO,run,51.7,E
2025-07-22,10.82,1:04:22,131,177,adidas adizero EVO SL,run,50.9,E
2025-07-23,19.93,1:40:35,154,181,adidas adizero EVO SL,run,50.5,M
2025-07-24,9.6,1:04:32,116,171,特步 160X 5.0,run,51.9,E
2025-07-24,0.87,0:05:41,123,165,特步 160X 5.0,run,51.6,E
2025-07-27,12.86,1:18:56,143,167,特步 160X 5.0,run,50,E
2025-07-29,2.97,0:17:33,129,173,特步 160X 5.0,run,50.9,E
2025-07-30,12.34,1:13:07,135,167,乔丹 飞影Plaid 1.5,run,52.7,T
2025-07-31,10.03,0:52:23,142,180,New Balance FuelCell Rebel v3,run,51.8,E
2025-08-01,13.36,1:09:52,142,182,必迈 惊碳3.0 TURBO,run,52.5,E
2025-08-02,9.86,0:56:05,134,178,必迈 惊碳3.0 TURBO,run,50.7,E
2025-08-03,11.43,0:54:20,158,185,adidas adizero EVO SL,run,50.2,M
2025-08-05,7.41,0:49:21,125,173,New Balance FuelCell Rebel v3,run,49.8,E
2025-08-06,16.64,1:36:32,140,168,多威 神行者 2,run,53,I
2025-08-07,11.06,1:02:26,131,179,乔丹 飞影Plaid 1.5,run,52,E
2025-08-08,17.64,1:33:34,147,181,特步 160X 5.0,run,50,E
2025-08-09,10.12,1:03:09,119,180,New Balance FuelCell Rebel v3,run,52.1,E
2025-08-10,21.53,1:54:48,144,180,特步 160X 3.0 PRO,run,50.6,T
2025-08-11,15.59,1:28:21,135,178,必迈 远征者5.0,run,49.3,E
2025-08-13,10.05,1:00:51,116,173,乔丹 飞影Plaid 1.5,run,52.2,E
2025-08-15,21.66,1:56:05,148,174,多威 神行者 2,run,51.3,I
2025-08-15,0.49,0:02:25,140,185,多威 神行者 2,run,51.6,E
2025-08-16,11.45,1:04:59,135,176,乔丹 飞影Plaid 1.5,run,51.1,E
2025-08-17,30.17,2:43:31,136,183,必迈 惊碳3.0 TURBO,run,50.6,E
2025-08-20,10.54,0:59:53,135,177,特步 160X 5.0,run,50.9,E
2025-08-21,10.18,1:00:44,126,174,特步 160X 5.0,run,51.9,E
2025-08-22,5,0:25:56,140,168,New Balance FuelCell Rebel v3,run,50.6,E
2025-08-22,5.01,0:25:19,153,180,New Balance FuelCell Rebel v3,run,48.9,M
2025-08-23,10.82,1:04:59,133,179,必迈 远征者5.0,run,48.2,E
2025-08-24,23.66,1:43:27,161,189,特步 160X 3.0 PRO,run,53.2,T
2025-08-26,10.81,1:02:13,135,175,必迈 远征者5.0,run,50.4,E
2025-08-27,12.48,1:07:09,137,181,特步 160X 5.0,run,51.7,E
2025-08-28,17.92,1:34:03,143,183,New Balance FuelCell Rebel v3,run,51.8,E
2025-08-29,10.06,1:00:19,124,179,特步 160X 5.0,run,51.3,E
2025-08-31,29.94,2:26:53,157,182,多威 神行者 2,run,49.7,T
2025-09-02,10.08,1:03:02,119,173,多威 神行者 2,run,51.6,E
2025-09-03,8.32,0:46:56,140,161,特步 160X 3.0 PRO,run,56.2,I
2025-09-04,5.66,0:38:57,114,169,必迈 远征者5.0,run,52.2,E
2025-09-05,9.86,1:10:44,109,172,New Balance FuelCell Rebel v3,run,52.2,E
2025-09-06,11.1,1:01:45,130,180,必迈 惊碳3.0 TURBO,run,52.3,E
2025-09-07,13.84,1:08:34,146,187,adidas adizero adios Pro 4,run,52.3,E
2025-09-09,10.06,1:00:14,132,175,必迈 远征者5.0,run,50.1,E
2025-09-10,11.29,1:00:16,145,176,adidas adizero adios Pro 4,run,53.1,E
2025-09-11,10.11,1:01:01,124,175,New Balance FuelCell Rebel v3,run,52,E
2025-09-13,5.03,0:29:47,127,169,adidas adizero adios Pro 4,run,53.9,E
2025-09-14,21.14,1:29:44,168,193,adidas adizero adios Pro 4,run,51.7,T
2025-09-16,10.11,0:52:58,137,183,adidas adizero EVO SL,run,53.9,E
2025-09-17,9.3,0:51:20,140,167,多威 神行者 2,run,57.7,I
2025-09-18,11.04,1:08:36,120,175,必迈 远征者5.0,run,52.4,E
2025-09-19,12.39,0:59:37,151,183,乔丹 飞影Plaid 1.5,run,54.6,T
2025-09-21,33.28,2:57:24,136,183,乔丹 飞影Plaid 1.5,run,51.7,E
2025-09-23,11.08,1:01:13,132,184,必迈 惊碳3.0 TURBO,run,52.8,E
2025-09-24,9.57,0:44:34,156,184,特步 160X 3.0 PRO,run,53.8,T
2025-09-26,7.38,0:42:59,130,181,特步 160X 5.0,run,52.8,E
2025-09-27,13,0:53:15,174,194,adidas adizero adios Pro 4,run,51.3,T
2025-09-28,9.65,1:04:02,119,172,必迈 远征者5.0,run,52.6,E
2025-09-29,11.09,1:06:02,129,182,必迈 远征者5.0,run,50.7,E
2025-10-01,10.88,1:01:47,148,163,乔丹 飞影Plaid 1.5,run,54.9,I
2025-10-02,9.95,0:55:32,134,179,必迈 远征者5.0,run,53.5,E
2025-10-03,10.05,0:46:48,154,187,特步 160X 5.0,run,54.5,M
2025-10-05,22.08,1:46:20,150,188,adidas adizero EVO SL,run,53.1,M
2025-10-07,33.05,2:35:51,150,186,特步 160X 3.0 PRO,run,54.4,E
2025-10-09,10.43,1:02:08,128,174,必迈 惊碳3.0 TURBO,run,49.1,E
2025-10-10,10.35,1:00:21,132,174,New Balance FuelCell Rebel v3,run,50,E
2025-10-11,14.38,1:16:01,143,180,New Balance FuelCell Rebel v3,run,52.1,E
2025-10-12,34.29,2:56:47,142,183,乔丹 飞影Plaid 1.5,run,51.9,E
2025-10-14,0.26,0:01:57,101,164,特步 160X 5.0,run,51.9,E
2025-10-14,9.77,0:54:02,136,178,特步 160X 5.0,run,51.9,E
2025-10-15,10.61,1:02:39,139,159,多威 神行者 2,run,56.9,I
2025-10-16,14.96,1:24:32,130,181,特步 160X 5.0,run,53,E
2025-10-18,2.58,0:13:15,147,181,adidas adizero adios Pro 4,run,51.8,E
2025-10-18,6.86,0:32:13,151,186,adidas adizero adios Pro 4,run,53.4,M
2025-10-19,2.6,0:14:14,137,183,adidas adizero adios Pro 4,run,51.4,E
2025-10-19,10.03,0:43:49,157,191,adidas adizero adios Pro 4,run,53.7,M
2025-10-19,1.5,0:09:03,125,170,adidas adizero adios Pro 4,run,53.7,E
2025-10-21,9.94,0:49:18,147,181,特步 160X 3.0 PRO,run,53.6,T
2025-10-22,9.3,0:51:49,139,182,必迈 远征者5.0,run,49.9,E
2025-10-24,7.31,0:37:27,155,180,adidas adizero EVO SL,run,50.7,M
2025-10-25,1.36,0:07:30,136,174,特步 160X 5.0,run,52.9,E
2025-10-26,42.52,3:35:03,147,187,adidas adizero adios Pro 4,run,50.7,E
2025-11-02,7.24,0:42:38,146,183,必迈 远征者5.0,run,49.1,E
2025-11-03,9.64,0:53:31,147,183,必迈 惊碳3.0 TURBO,run,49.3,M
2025-11-04,7.11,0:41:01,143,179,特步 160X 5.0,run,48.8,E
2025-11-05,9.68,0:53:52,144,184,乔丹 飞影Plaid 1.5,run,48.3,E
2025-11-07,8.75,0:52:07,136,183,New Balance FuelCell Rebel v3,run,48.1,E
2025-11-08,9.17,0:52:41,136,183,必迈 远征者5.0,run,49.2,E
2025-11-09,0.14,0:01:09,117,168,必迈 远征者5.0,run,48.1,E
2025-11-10,10.07,0:54:37,147,183,必迈 远征者5.0,run,48.1,M
2025-11-11,10.06,0:52:38,146,181,乔丹 飞影Plaid 1.5,run,50,M
2025-11-12,9.82,0:53:13,136,185,adidas adizero EVO SL,run,50.7,E
2025-11-14,10.07,0:51:56,150,183,必迈 远征者5.0,run,49.3,M
2025-11-15,10.07,0:54:52,143,183,必迈 惊碳3.0 TURBO,run,50.7,E
2025-11-16,10.05,0:57:45,141,185,New Balance FuelCell Rebel v3,run,48.2,E
2025-11-17,10.11,0:53:25,144,186,必迈 远征者5.0,run,50.2,E
2025-11-19,10.08,0:53:15,151,182,特步 160X 5.0,run,48.1,M
2025-11-20,11.22,0:55:05,154,187,多威 神行者 2,run,49.8,T
2025-11-21,11.28,0:59:31,145,185,特步 160X 3.0 PRO,run,49.1,T
2025-11-23,0.15,0:01:11,103,169,必迈 惊碳3.0 TURBO,run,49.7,E
2025-11-24,14.1,1:15:25,143,172,必迈 惊碳3.0 TURBO,run,49.7,E
2025-11-26,11.43,0:58:47,147,184,adidas adizero adios Pro 4,run,49.8,T
2025-11-27,12.49,1:09:13,135,181,必迈 远征者5.0,run,49.9,E
2025-11-28,15.25,1:14:12,151,188,必迈 惊碳3.0 TURBO,run,50.4,T
2025-11-29,11.28,0:59:36,144,178,特步 160X 3.0 PRO,run,51.4,I
2025-11-30,17.12,1:31:54,137,183,乔丹 飞影Plaid 1.5,run,51.5,E
2025-12-01,7.41,0:45:24,126,180,必迈 远征者5.0,run,49.3,E
2025-12-03,13.28,1:07:40,144,182,特步 160X 5.0,run,51.4,E
2025-12-05,11.19,0:57:34,145,183,多威 神行者 2,run,50.3,T
2025-12-06,17.16,1:19:53,154,187,特步 160X 3.0 PRO,run,52,M
2025-12-07,20.13,1:49:10,133,182,乔丹 飞影Plaid 1.5,run,50.5,E
2025-12-10,11.42,0:54:00,152,184,多威 神行者 2,run,51.5,T
2025-12-12,14.45,1:19:50,138,185,必迈 远征者5.0,run,48.8,E
2025-12-13,16.24,1:34:17,127,181,乔丹 飞影Plaid 1.5,run,50.9,E
2025-12-19,7.19,0:39:09,147,182,必迈 远征者5.0,run,47.9,E
2025-12-21,10.03,0:49:29,150,188,特步 160X 5.0,run,50.7,M
2025-12-23,9.92,0:50:23,151,182,乔丹 飞影Plaid 1.5,run,50.3,M
2025-12-24,9.97,0:55:21,145,184,New Balance FuelCell Rebel v3,run,47.2,E
2025-12-25,10.04,0:51:32,152,183,adidas adizero EVO SL,run,49.4,M
2025-12-26,11.54,1:02:44,143,183,必迈 惊碳3.0 TURBO,run,48.2,E
2025-12-27,10,0:55:04,146,185,必迈 远征者5.0,run,47.7,E